{
	"id" : "AndroidRemoteControl",
	"name" : "AndroidRemoteControl",
	"description" : "Plugin pour piloter les Android TV et autres équipements Android",
	"licence" : "AGPL",
	"author" : "Michael HALBOUT",
	"require" : "3.0",
	"category" : "multimedia",
	"hasDependency" : true,
	"hasOwnDeamon" : false,
	"maxDependancyInstallTime" : 30,
 	"documentation" : "http://mika-nt28.github.io/Documentations/AndroidRemoteControl/#language#/",
	"changelog" : "https://mika-nt28.github.io/Documentations/AndroidRemoteControl/#language#/changelog"
}
