[
	{
		"name": "netflix",
      	"icon":"netflix.png",
      	"type": "action",
    	"subtype": "other",
		"categorie": "appli",
		"commande": "shell am start com.netflix.ninja/.MainActivity"
	},{
		"name": "youtube",
      	"icon":"youtube.png",
      	"type": "action",
    	"subtype": "other",
		"categorie": "appli",
		"commande": "shell monkey -p com.google.android.youtube.tv -c android.intent.category.LAUNCHER 1"
	},{
		"name": "plex",
   	 	"icon":"plex.png",
      	"type": "action",
    	"subtype": "other",
		"categorie": "appli",
		"commande": "shell monkey -p com.plexapp.android -c android.intent.category.LAUNCHER 1"
	},{
		"name": "kodi",
    	"icon":"kodi.png",
      	"type": "action",
    	"subtype": "other",
		"categorie": "appli",
		"commande": "shell monkey -p org.xbmc.kodi -c android.intent.category.LAUNCHER 1"
	},{
		"name": "molotov",
     	"icon":"molotov.png",
      	"type": "action",
    	"subtype": "other",
		"categorie": "appli",
		"commande": "shell monkey -p tv.molotov.app -c android.intent.category.LAUNCHER 1"
	},{
		"name": "spotify",
     	"icon":"spotify.png",
      	"type": "action",
    	"subtype": "other",
		"categorie": "appli",
		"commande": "shell monkey -p com.spotify.tv.android -c android.intent.category.LAUNCHER 1"
	},{
		"name": "amazonvideo",
     	"icon":"amazonvideo.png",
      	"type": "action",
    	"subtype": "other",
		"categorie": "appli",
		"commande": "shell monkey -p com.amazon.amazonvideo.livingroom.nvidia -c android.intent.category.LAUNCHER 1"
	},{
		"name": "vevo",
       	"icon":"vevo.jpg",
      	"type": "action",
    	"subtype": "other",
		"categorie": "appli",
		"commande": "shell monkey -p com.vevo -c android.intent.category.LAUNCHER 1"
	},{
		"name": "mytf1",
       	"icon":"tf1.png",
      	"type": "action",
    	"subtype": "other",
		"categorie": "appli",
		"commande": "shell monkey -p fr.tf1.mytf1 -c android.intent.category.LAUNCHER 1"
	},{
		"name": "m6replay",
      	"icon":"m6replay.png",
      	"type": "action",
    	"subtype": "other",
		"categorie": "appli",
		"commande": "shell monkey -p fr.m6.m6replay.by -c android.intent.category.LAUNCHER 1"
	},{
		"name": "dsvideo",
       	"icon":"dsvideo.png",
      	"type": "action",
    	"subtype": "other",
		"categorie": "appli",
		"commande": "shell monkey -p com.synology.dsvideo -c android.intent.category.LAUNCHER 1"
	},{
		"name": "ted",
    	"icon":"ted.png",
      	"type": "action",
    	"subtype": "other",
		"categorie": "appli",
		"commande": "shell monkey -p com.ted.android.tv -c android.intent.category.LAUNCHER 1"
	},{
		"name": "leanback",
		"icon": "home.png",
      	"type": "action",
    	"subtype": "other",
		"categorie": "appli",
    	"commande": "shell input keyevent 3"
	},{
		"name": "tvlauncher",
		"icon": "home.png",
		"type": "action",
		"subtype": "other",
		"categorie": "appli",
		"commande": "shell input keyevent 3"
	},{
		"name": "zapster",
		"icon": "television.png",
      	"type": "action",
    	"subtype": "other",
		"categorie": "appli",
    	"commande": "shell am start org.droidtv.zapster/.playtv.activity.PlayTvActivity"
	},{
		"name": "freebox",
		"icon": "freeboxtv.jpg",
      	"type": "action",
    	"subtype": "other",
		"categorie": "appli",
    	"commande": "shell monkey -p fr.freebox.tv -c android.intent.category.LAUNCHER 1"
	},{
		"name": "canal",
		"icon": "mycanal.jpg",
      	"type": "action",
    	"subtype": "other",
		"categorie": "appli",
    	"commande": "shell monkey -p com.canal.android.canal -c android.intent.category.LAUNCHER 1"
	},{
		"name": "stb.emu",
		"icon": "television.png",
      	"type": "action",
    	"subtype": "other",
		"categorie": "appli",
    	"commande": "shell monkey -p com.mvas.stb.emu.pro -c android.intent.category.LAUNCHER 1"
	},{
		"name": "deezer",
		"icon": "deezer.png",
      	"type": "action",
    	"subtype": "other",
		"categorie": "appli",
    	"commande": "shell monkey -p  -c android.intent.category.LAUNCHER 1"
	},{
		"name": "tinycam free",
		"icon": "tinycamfree.png",
      	"type": "action",
    	"subtype": "other",
		"categorie": "appli",
    	"commande": "shell monkey -p com.alexvas.dvr -c android.intent.category.LAUNCHER 1"
	},{
		"name": "tinycam pro",
		"icon": "tinycampro.png",
      	"type": "action",
    	"subtype": "other",
		"categorie": "appli",
    	"commande": "shell monkey -p com.alexvas.dvr.pro -c android.intent.category.LAUNCHER 1"
	},
	{
		"name": "mediashell",
		"icon": "home.png",
		"type": "action",
		"subtype": "other",
		"categorie": "appli",
		"commande": ""
	}
]
