[
  {
    "name": "disk_total",
    "type": "info",
    "categorie": "commande",
    "subtype": "string"
  },{
    "name": "disk_free",
    "type": "info",
    "categorie": "commande",
    "subtype": "string"
  },{
    "name": "resolution",
    "type": "info",
    "categorie": "commande",
    "subtype": "string"
  },{
    "name": "type",
    "type": "info",
    "categorie": "commande",
    "subtype": "string"
  },{
    "name": "version_android",
    "type": "info",
    "categorie": "commande",
    "subtype": "string"
  },{
    "name": "name",
    "type": "info",
    "categorie": "commande",
    "subtype": "string"
  },{
    "name": "power_state",
    "type": "info",
    "categorie": "commande",
    "subtype": "binary"
  },{
    "name": "encours",
    "type": "info",
    "categorie": "commande",
    "subtype": "string"
  },{
    "name": "title",
    "type": "info",
    "categorie": "commande",
    "subtype": "string"
  },{
    "name": "play_state",
    "type": "info",
    "categorie": "commande",
    "subtype": "string"
  },{
    "name": "battery_level",
    "type": "info",
    "categorie": "commande",
    "subtype": "numeric"
  },{
    "name": "battery_status",
    "type": "info",
    "categorie": "commande",
    "subtype": "string"
  },{
    "name": "mainmenu",
    "type": "action",
    "subtype": "other",
    "categorie": "commande",
    "commande": "shell input keyevent 3"
  },{
    "name": "power_set",
    "type": "action",
    "subtype": "other",
    "categorie": "commande",
    "commande": "shell input keyevent 26"
  },{
    "name": "play",
    "type": "action",
    "subtype": "other",
    "categorie": "commande",
    "commande": "shell input keyevent 85"
  },{
    "name": "stop",
    "type": "action",
    "subtype": "other",
    "categorie": "commande",
    "commande": "shell input keyevent 86"
  },{
    "name": "up",
    "type": "action",
    "subtype": "other",
    "categorie": "commande",
    "commande": "shell input keyevent 19"
  },{
    "name": "down",
    "type": "action",
    "subtype": "other",
    "categorie": "commande",
    "commande": "shell input keyevent 20"
  },{
    "name": "left",
    "type": "action",
    "subtype": "other",
    "categorie": "commande",
    "commande": "shell input keyevent 21"
  },{
    "name": "right",
    "type": "action",
    "subtype": "other",
    "categorie": "commande",
    "commande": "shell input keyevent 22"
  },{
    "name": "return",
    "type": "action",
    "subtype": "other",
    "categorie": "commande",
    "commande": "shell input keyevent 4"
  },{
    "name": "enter",
    "type": "action",
    "subtype": "other",
    "categorie": "commande",
    "commande": "shell input keyevent 23"
  },{
    "name": "volume+",
    "type": "action",
    "subtype": "other",
    "categorie": "commande",
    "commande": "shell input keyevent 24"
  },{
    "name": "volume-",
    "type": "action",
    "subtype": "other",
    "categorie": "commande",
    "commande": "shell input keyevent 25"
  },{
    "name": "mute",
    "type": "action",
    "subtype": "other",
    "categorie": "commande",
    "commande": "shell input keyevent 164"
  },{
    "name": "reboot",
    "type": "action",
    "subtype": "other",
    "categorie": "commande",
    "commande": "shell reboot"
  }
]
